[
    {
        "Device Model": "Android Smartphones",
        "Issue": "Device not turning on",
        "Possible Cause": "Low battery",
        "Solution": "Charge for at least 30 minutes and restart",
        "Steps to Follow": "1) Plug in the charger and wait for at least 30 minutes. 2) Press and hold the power button until the screen turns on."
    },
    {
        "Device Model": "Android Smartphones",
        "Issue": "Slow performance",
        "Possible Cause": "Too many background apps",
        "Solution": "Close unused apps, restart device",
        "Steps to Follow": "1) Open 'Settings' > 'Apps'. 2) Select 'Running Apps' and close unnecessary apps. 3) Restart the device for better performance."
    },
    {
        "Device Model": "Android Smartphones",
        "Issue": "Wi-Fi not connecting",
        "Possible Cause": "Network issue",
        "Solution": "Restart router, reconnect Wi-Fi",
        "Steps to Follow": "1) Turn off Wi-Fi and turn it back on. 2) Restart your router. 3) Forget the network and reconnect with the correct password."
    }
]