[
    {
        "Device Model": "Apple MacBook",
        "Issue": "Laptop not turning on",
        "Possible Cause": "Battery drained, power issue",
        "Solution": "Charge using the correct adapter, reset SMC",
        "Steps to Follow": "1) Plug in the MagSafe or USB-C charger and wait 30 minutes. 2) Press and hold the power button. 3) If it doesn't turn on, reset the SMC by pressing Shift + Control + Option + Power for 10 seconds."
    },
    {
        "Device Model": "Apple MacBook",
        "Issue": "Slow performance",
        "Possible Cause": "Too many background apps",
        "Solution": "Close unnecessary apps, restart MacBook",
        "Steps to Follow": "1) Open 'Activity Monitor' from Applications > Utilities. 2) Close apps consuming high CPU or RAM. 3) Restart the MacBook."
    },
    {
        "Device Model": "Apple MacBook",
        "Issue": "Overheating",
        "Possible Cause": "Heavy processing, blocked vents",
        "Solution": "Use on a hard surface, clean air vents",
        "Steps to Follow": "1) Ensure the laptop is on a hard, flat surface. 2) Clean the air vents using compressed air. 3) Check 'Activity Monitor' for high CPU usage and close unnecessary apps."
    }
]