[
    {
        "Device Model": "Bluetooth AirPods",
        "Issue": "Not pairing",
        "Possible Cause": "Bluetooth issues, low battery",
        "Solution": "Restart Bluetooth, charge device",
        "Steps to Follow": "1) Turn off and on Bluetooth. 2) Place AirPods in the charging case and charge for at least 10 minutes. 3) Reattempt pairing by selecting the AirPods from the Bluetooth menu."
    },
    {
        "Device Model": "Bluetooth AirPods",
        "Issue": "No sound",
        "Possible Cause": "Low volume, connection issue",
        "Solution": "Increase volume, reconnect AirPods",
        "Steps to Follow": "1) Check if volume is muted and increase if needed. 2) Disconnect and reconnect AirPods from Bluetooth settings. 3) Restart the device and retry pairing."
    },
    {
        "Device Model": "Bluetooth AirPods",
        "Issue": "Battery draining fast",
        "Possible Cause": "High volume, outdated firmware",
        "Solution": "Reduce volume, update firmware",
        "Steps to Follow": "1) Lower the volume when listening to music. 2) Connect the AirPods to a compatible device and check for firmware updates. 3) Avoid keeping AirPods out of the charging case when not in use."
    }
]