[
    {
        "Device Model": "Bluetooth Speakers",
        "Issue": "Not pairing",
        "Possible Cause": "Bluetooth issues, low battery",
        "Solution": "Restart Bluetooth, charge device",
        "Steps to Follow": [
            "Turn off and on Bluetooth",
            "Charge the speaker for at least 30 minutes",
            "Select the speaker in Bluetooth settings and attempt pairing again"
        ]
    },
    {
        "Device Model": "Bluetooth Speakers",
        "Issue": "No sound",
        "Possible Cause": "Volume low, connection issue",
        "Solution": "Increase volume, reconnect speaker",
        "Steps to Follow": [
            "Check if volume is muted and increase if needed",
            "Disconnect and reconnect speaker from Bluetooth settings",
            "Restart the connected device and retry pairing"
        ]
    }
]