[
    {
        "Device Model": "Cameras",
        "Issue": "Camera not turning on",
        "Possible Cause": "Battery drained",
        "Solution": "Charge or replace battery",
        "Steps to Follow": [
            "Insert a fully charged battery",
            "Try turning on the camera again",
            "Check for battery connection issues"
        ]
    },
    {
        "Device Model": "Cameras",
        "Issue": "Blurry photos",
        "Possible Cause": "Unstable grip, incorrect focus",
        "Solution": "Use a tripod, adjust focus settings",
        "Steps to Follow": [
            "Hold the camera steadily or use a tripod",
            "Ensure focus settings are adjusted correctly",
            "Use image stabilization mode if available"
        ]
    }
]