[
    {
        "Device Model": "Gaming Laptops",
        "Issue": "Low FPS in games",
        "Possible Cause": "Outdated drivers, background apps",
        "Solution": "Update GPU drivers, close unnecessary apps",
        "Steps to Follow": [
            "Update GPU drivers using official software",
            "Close unnecessary background applications",
            "Ensure high-performance mode is enabled in power settings"
        ]
    },
    {
        "Device Model": "Gaming Laptops",
        "Issue": "Overheating",
        "Possible Cause": "Dust accumulation, high CPU/GPU load",
        "Solution": "Clean vents, use cooling pad, repaste thermal compound",
        "Steps to Follow": [
            "Clean air vents using compressed air",
            "Use an external cooling pad for better ventilation",
            "Apply new thermal paste if necessary"
        ]
    }
]