[
    {
        "Device Model": "iPhone Mobiles",
        "Issue": "Device not turning on",
        "Possible Cause": "Low battery",
        "Solution": "Charge for at least 30 minutes and restart",
        "Steps to Follow": [
            "Connect to a certified charger",
            "Wait at least 30 minutes before trying to power on",
            "Perform a force restart if the device remains unresponsive"
        ]
    },
    {
        "Device Model": "iPhone Mobiles",
        "Issue": "Slow performance",
        "Possible Cause": "Too many background apps",
        "Solution": "Close unused apps, restart device",
        "Steps to Follow": [
            "Swipe up and close unused apps from the app switcher",
            "Restart the iPhone to clear system memory",
            "Ensure the latest iOS update is installed"
        ]
    }
]