[
    {
        "Device Model": "Iron Box",
        "Issue": "Iron not heating",
        "Possible Cause": "Power issue",
        "Solution": "Check power supply, reset circuit breaker",
        "Steps to Follow": [
            "Ensure the iron is properly plugged in",
            "Check if the circuit breaker has tripped",
            "Try using a different power outlet"
        ]
    },
    {
        "Device Model": "Iron Box",
        "Issue": "Steam function not working",
        "Possible Cause": "Clogged vents",
        "Solution": "Clean vents with vinegar solution",
        "Steps to Follow": [
            "Fill the water tank with a vinegar-water solution",
            "Let the iron heat up and press the steam button",
            "Clean the vents with a soft brush"
        ]
    }
]