[
    {
        "Device Model":"Carrier 2 Ton 5-Star Inverter Split AC (ESTER Dxi)",
        "Issue":"AC not turning on",
        "Possible Cause":"Power issue or remote not working",
        "Solution":"Check power supply, replace remote batteries",
        "Steps to Follow":"1) Ensure the power cord is securely plugged into the socket. 2) Check if the power outlet is functioning by testing with another device. 3) If using a remote, replace the batteries with new ones. 4) Try turning on the AC using the power button on the unit."
    },
    {
        "Device Model":"Carrier 2 Ton 5-Star Inverter Split AC (ESTER Dxi)",
        "Issue":"Insufficient cooling",
        "Possible Cause":"Dirty air filter, incorrect temperature setting",
        "Solution":"Clean filter, set temperature to optimal range",
        "Steps to Follow":"1) To clean the filter: Open the AC panel, remove the filter, wash it with water, and let it dry before reinstalling. 2) To set the temperature: Use the remote control, press the \u2018Mode\u2019 button to select cooling, then adjust temperature using the \u2018+\u2019 or \u2018-\u2019 buttons to set between 24\u00b0C-26\u00b0C."
    },
    {
        "Device Model":"Carrier 2 Ton 5-Star Inverter Split AC (ESTER Dxi)",
        "Issue":"Water leakage",
        "Possible Cause":"Clogged drainage pipe",
        "Solution":"Clean the drainage pipe",
        "Steps to Follow":"1) Turn off and unplug the AC. 2) Locate the drainage pipe at the back of the unit. 3) Use a thin brush or compressed air to clear any blockage. 4) Flush with clean water to ensure proper drainage."
    },
    {
        "Device Model":"Carrier 2 Ton 5-Star Inverter Split AC (ESTER Dxi)",
        "Issue":"Unusual noise",
        "Possible Cause":"Loose screws or debris in the unit",
        "Solution":"Tighten screws, clean unit",
        "Steps to Follow":"1) Turn off and unplug the AC. 2) Check for any loose screws on the indoor\/outdoor unit and tighten them. 3) Open the AC panel and clean any dust or debris using a soft brush. 4) Restart the unit and check if the noise persists."
    },
    {
        "Device Model":"Carrier 2 Ton 5-Star Inverter Split AC (ESTER Dxi)",
        "Issue":"Remote control not working",
        "Possible Cause":"Weak or dead batteries",
        "Solution":"Replace with new batteries",
        "Steps to Follow":"1) Open the battery cover on the back of the remote. 2) Remove the old batteries. 3) Insert new AA or AAA batteries (as specified in the manual), ensuring the correct polarity (+\/-). 4) Close the battery cover and test the remote."
    },
    {
        "Device Model":"Carrier 2 Ton 5-Star Inverter Split AC (ESTER Dxi)",
        "Issue":"Foul smell from AC",
        "Possible Cause":"Accumulated dirt or mold in filters",
        "Solution":"Clean filters and use proper ventilation",
        "Steps to Follow":"1) Turn off and unplug the AC. 2) Open the front panel and remove the air filter. 3) Wash the filter with mild detergent and water, then dry completely. 4) Use an antibacterial spray or mild vinegar solution to clean internal components. 5) Keep windows open for proper ventilation. 6) Reinstall the filter and turn on the AC."
    },
    {
        "Device Model":"Carrier 2 Ton 5-Star Inverter Split AC (ESTER Dxi)",
        "Issue":"Error code displayed",
        "Possible Cause":"System malfunction",
        "Solution":"Refer to the manual or call customer support",
        "Steps to Follow":"1) Note down the exact error code displayed. 2) Refer to the user manual for specific troubleshooting steps related to the code. 3) If the issue persists, call Carrier Customer Support at 1800-103-3333 for assistance."
    }
]