[
    {
        "Device Model": "Laptops",
        "Issue": "Slow performance",
        "Possible Cause": "Background apps, malware",
        "Solution": "Close unnecessary apps, run antivirus scan",
        "Steps to Follow": [
            "Open Task Manager and close unnecessary processes",
            "Run a full system antivirus scan",
            "Restart the laptop and check for performance improvements"
        ]
    },
    {
        "Device Model": "Laptops",
        "Issue": "Overheating",
        "Possible Cause": "Dust accumulation, high CPU/GPU load",
        "Solution": "Clean vents, use cooling pad, reduce load",
        "Steps to Follow": [
            "Use compressed air to clean the vents",
            "Place the laptop on a hard surface for better airflow",
            "Reduce CPU/GPU usage by closing background applications"
        ]
    }
]