[
    {
        "Device Model": "Projector",
        "Issue": "No display",
        "Possible Cause": "Loose cables, incorrect input source",
        "Solution": "Check connections, select correct input",
        "Steps to Follow": [
            "Ensure all cables are properly connected",
            "Select the correct input source in the projector settings",
            "Restart both the projector and connected device"
        ]
    },
    {
        "Device Model": "Projector",
        "Issue": "Blurry image",
        "Possible Cause": "Out-of-focus lens, incorrect resolution",
        "Solution": "Adjust focus, change resolution settings",
        "Steps to Follow": [
            "Use the focus ring to adjust image sharpness",
            "Ensure the projector is placed at the correct distance",
            "Change resolution settings on the connected device"
        ]
    }
]