[
    {
        "Device Model": "Refrigerator",
        "Issue": "Refrigerator not cooling",
        "Possible Cause": "Blocked vents, incorrect settings",
        "Solution": "Check airflow, reset temperature",
        "Steps to Follow": [
            "Ensure vents are not blocked by food items",
            "Adjust the temperature settings to recommended levels",
            "Clean the condenser coils for better efficiency"
        ]
    },
    {
        "Device Model": "Refrigerator",
        "Issue": "Excessive frost buildup",
        "Possible Cause": "Door not sealing properly",
        "Solution": "Inspect and clean door gasket",
        "Steps to Follow": [
            "Check if the door is closing properly",
            "Clean the door gasket to remove dirt or debris",
            "Replace the gasket if it is worn out"
        ]
    }
]