[
    {
        "Device Model": "Smart Watches",
        "Issue": "Watch not syncing",
        "Possible Cause": "Bluetooth issues, outdated app",
        "Solution": "Restart Bluetooth, update app",
        "Steps to Follow": [
            "Turn Bluetooth off and on again on both devices",
            "Ensure the smartwatch app is updated to the latest version",
            "Restart both the smartwatch and smartphone"
        ]
    },
    {
        "Device Model": "Smart Watches",
        "Issue": "Battery draining fast",
        "Possible Cause": "High brightness, excess notifications",
        "Solution": "Adjust brightness, disable unnecessary notifications",
        "Steps to Follow": [
            "Lower screen brightness settings",
            "Turn off notifications for non-essential apps",
            "Enable power-saving mode if available"
        ]
    }
]