[
    {
        "Device Model": "Washing Machine",
        "Issue": "Machine not starting",
        "Possible Cause": "Power issue",
        "Solution": "Check power supply, reset circuit breaker",
        "Steps to Follow": [
            "Ensure the machine is plugged into a working socket",
            "Check if the power button is functioning properly",
            "Reset the circuit breaker if needed"
        ]
    },
    {
        "Device Model": "Washing Machine",
        "Issue": "Water not draining",
        "Possible Cause": "Blocked drain hose",
        "Solution": "Clean or reposition the drain hose",
        "Steps to Follow": [
            "Check if the drain hose is clogged",
            "Remove any blockages and clean the hose",
            "Ensure the hose is positioned correctly for drainage"
        ]
    }
]